file_name,picture_word,first_letter
lavender_dog.jpg,Trees,T
lavender_dog.jpg,Dog,D
lavender_dog.jpg,Labrador,L
lavender_dog.jpg,Puppy,P
lavender_dog.jpg,Lavender,L
lavender_dog.jpg,Dog,D
lavender_dog.jpg,Fields,F
lavender_dog.jpg,Basket,B
lavender_dog.jpg,Animal,A
chirstmas2.jpg,Tree,T
chirstmas2.jpg,Christmas,C
chirstmas2.jpg,Stockings,S
chirstmas2.jpg,Lamp,L
chirstmas2.jpg,Chair,C
chirstmas2.jpg,Fireplace,F
chirstmas2.jpg,Mantle,M
chirstmas2.jpg,Hearth,H
chirstmas2.jpg,Decorations,D
chirstmas2.jpg,Red,R
chirstmas2.jpg,Candles,C
pride.jpg,Pride,P
pride.jpg,Love,L
pride.jpg,Finger,F
pride.jpg,Palm,P
pride.jpg,Heart,H
pride.jpg,Red,R
pride.jpg,Yellow,Y
pride.jpg,Green,G
pride.jpg,Blue,B
pride.jpg,Rainbow,R
golf.jpg,Golf,G
golf.jpg,Swing,S
golf.jpg,Caddie,C
golf.jpg,Sport,S
golf.jpg,Tiger Woods,T
golf.jpg,Tee,T
golf.jpg,Handicap,H
golf.jpg,Flag,F
golf.jpg,Glove,G
pencils.jpg,Pencil,P
pencils.jpg,Scissors,S
pencils.jpg,Art,A
pencils.jpg,Eraser,E
pencils.jpg,Bucket,B
pencils.jpg,Classroom,C
pencils.jpg,School,S
pencils.jpg,Crayons,C
pencils.jpg,Creative,C
pencils.jpg,Drawing,D
piggy_bank.jpg,Saving,S
piggy_bank.jpg,Piggy Bank,P
piggy_bank.jpg,Money,M
piggy_bank.jpg,Dollar,D
piggy_bank.jpg,Penny,P
piggy_bank.jpg,Pound,P
piggy_bank.jpg,Finance,F
piggy_bank.jpg,Hand,H
piggy_bank.jpg,Drop,D
yoga.jpg,Yoga,Y
yoga.jpg,Exercise,E
yoga.jpg,Gym,G
yoga.jpg,Pilates,P
yoga.jpg,Mat,M
yoga.jpg,Stretch,S
yoga.jpg,Breathe,B
yoga.jpg,People,P
yoga.jpg,Sweat,S
iliad_homer_greek.jpg,Iliad,I
iliad_homer_greek.jpg,Homer,H
iliad_homer_greek.jpg,Odyssey,O
iliad_homer_greek.jpg,Mythology,M
iliad_homer_greek.jpg,Greek,G
iliad_homer_greek.jpg,Zeus,Z
iliad_homer_greek.jpg,Athena,A
iliad_homer_greek.jpg,Trojan War,T
iliad_homer_greek.jpg,Hector,H
iliad_homer_greek.jpg,Achilles,A
iliad_homer_greek.jpg,Paris,P
iliad_homer_greek.jpg,Hera,H
iliad_homer_greek.jpg,Story,S
football_stadium.jpg,Football,F
football_stadium.jpg,Soccer,S
football_stadium.jpg,Stadium,S
football_stadium.jpg,Fans,F
football_stadium.jpg,Crowd,C
football_stadium.jpg,Arsenal,A
football_stadium.jpg,Liverpool,L
football_stadium.jpg,Manchester,M
football_stadium.jpg,West Ham,W
football_stadium.jpg,Teams,T
football_stadium.jpg,Barcelona,B
football_stadium.jpg,Real Madrid,R
football_stadium.jpg,Chelsea,C
football_stadium.jpg,Juventus,J
football_stadium.jpg,Tottenham,T
football_stadium.jpg,Pele,P
football_stadium.jpg,Ronaldo,R
football_stadium.jpg,Ziddane,Z
tulips.jpg,Tulips,T
tulips.jpg,Flowers,F
tulips.jpg,Colors,C
tulips.jpg,Green,G
tulips.jpg,Purple,P
tulips.jpg,Yellow,Y
tulips.jpg,Orange,O
tulips.jpg,Red,R
tulips.jpg,White,W
tulips.jpg,Bud,B
tulips.jpg,Netherlands,N
tulips.jpg,Keukenhof,K
tulips.jpg,Bulbs,B
gambling.jpg,Kings,K
gambling.jpg,Aces,A
gambling.jpg,Cards,C
gambling.jpg,Casino,C
gambling.jpg,Gambling,G
gambling.jpg,Poker,P
gambling.jpg,Blackjack,B
gambling.jpg,Las Vegas,L
gambling.jpg,Vegas,V
gambling.jpg,Dealer,D
gambling.jpg,Chips,C
gambling.jpg,Full House,F
tea_planation.jpg,Tea,T
tea_planation.jpg,Plantation,P
tea_planation.jpg,India,I
tea_planation.jpg,China,C
tea_planation.jpg,Earl Grey,E
tea_planation.jpg,Assam Tea,A
tea_planation.jpg,Plant,P
skiing_2.jpg,Skiing,S
skiing_2.jpg,Snowboard,S
skiing_2.jpg,Snow,S
skiing_2.jpg,Slopes,S
skiing_2.jpg,Lifts,L
skiing_2.jpg,Turin,T
skiing_2.jpg,Olympics,O
skiing_2.jpg,Winter,W
skiing_2.jpg,Helmet,H
skiing_2.jpg,Gloves,G
Empire_State_Building.jpg,New York,N
Empire_State_Building.jpg,Empire State Building,E
Empire_State_Building.jpg,Tall,T
Empire_State_Building.jpg,Sunset,S
Empire_State_Building.jpg,Manhattan,M
rocket_launch.jpg,Space,S
rocket_launch.jpg,Moon,M
rocket_launch.jpg,NASA,N
rocket_launch.jpg,Smoke,S
rocket_launch.jpg,Rocket,R
rocket_launch.jpg,Launch,L
rocket_launch.jpg,Blast,B
rocket_launch.jpg,Water,W
rocket_launch.jpg,Take Off,T
rocket_launch.jpg,Astronaut,A
rocket_launch.jpg,Engineering,E
rocket_launch.jpg,Mission,M
kids_park.jpg,Boys,B
kids_park.jpg,Kids,K
kids_park.jpg,Jump,J
kids_park.jpg,Play,P
kids_park.jpg,Ball,B
kids_park.jpg,Green,G
kids_park.jpg,Trees,T
kids_park.jpg,Four,F
kids_park.jpg,Happy,H
kids_park.jpg,Leap,L
kids_park.jpg,Misty,M
gardener.jpg,Garden,G
gardener.jpg,Man,M
gardener.jpg,Wheel Barrow,W
gardener.jpg,Earthworm,E
gardener.jpg,Plants,P
gardener.jpg,Soil,S
gardener.jpg,Seeds,S
gardener.jpg,Blue,B
gardener.jpg,Gloves,G
gardener.jpg,Dig,D
iceberg.jpg,Antartica,A
iceberg.jpg,Cold,C
iceberg.jpg,Ice,I
iceberg.jpg,Climate Change,C
iceberg.jpg,Freezing,F
iceberg.jpg,Polar Bear,P
iceberg.jpg,Seal,S
iceberg.jpg,Penguin,P
iceberg.jpg,Glacier,G
iceberg.jpg,Water,W
iceberg.jpg,Ocean,O
iceberg.jpg,Artic,A
supermarket.jpg,Supermarket,S
supermarket.jpg,Shop,S
supermarket.jpg,Walmart,W
supermarket.jpg,Tesco,T
supermarket.jpg,Sainsburys,S
supermarket.jpg,Morrisons,M
supermarket.jpg,Aldi,A
supermarket.jpg,Aisle,A
supermarket.jpg,Groceries,G
supermarket.jpg,Cereal,C
supermarket.jpg,Lights,L
supermarket.jpg,Trolley,T
supermarket.jpg,Sale,S
baby1.jpg,Baby,B
baby1.jpg,Bucket,B
baby1.jpg,Jug,J
baby1.jpg,Water,W
baby1.jpg,Blue,B
baby1.jpg,Happy,H
baby1.jpg,Naughty,N
baby1.jpg,Naked,N
baby1.jpg,Bath,B
laptop.jpg,Memory,M
laptop.jpg,Working,W
laptop.jpg,Phone,P
laptop.jpg,Glass,G
laptop.jpg,Plant,P
laptop.jpg,Pen,P
laptop.jpg,Desk,D
laptop.jpg,Keyboard,K
friends_eating.jpg,Dinner,D
friends_eating.jpg,Friends,F
friends_eating.jpg,Burger,B
friends_eating.jpg,Water,W
friends_eating.jpg,Fork,F
friends_eating.jpg,Knife,K
friends_eating.jpg,Fries,F
friends_eating.jpg,Table,T
friends_eating.jpg,Restaurant,R
friends_eating.jpg,Chatting,C
friends_eating.jpg,Meal,M
friends_eating.jpg,Lunch,L
friends_eating.jpg,Ketchup,K
friends_eating.jpg,Salt,S
friends_eating.jpg,Pepper,P
friends_eating.jpg,Bill,B
friends_eating.jpg,Waiter,W
berry_smoothie.jpg,Berries,B
berry_smoothie.jpg,Straw,S
berry_smoothie.jpg,Cold,C
berry_smoothie.jpg,Blueberry,B
berry_smoothie.jpg,Mint,M
berry_smoothie.jpg,Drink,D
berry_smoothie.jpg,Breakfast,B
berry_smoothie.jpg,Refreshing,R
berry_smoothie.jpg,Healthy,H
berry_smoothie.jpg,Glass,G
berry_smoothie.jpg,Pink,P
iphone.jpg,Apps,A
iphone.jpg,Games,G
iphone.jpg,Phone,P
iphone.jpg,Apple,A
iphone.jpg,Samsung,S
iphone.jpg,Nokia,N
iphone.jpg,Whatsapp,W
iphone.jpg,Music,M
iphone.jpg,Computer,C
iphone.jpg,Organizer,O
iphone.jpg,Notes,N
iphone.jpg,Battery,B
iphone.jpg,Sim Card,S
iphone.jpg,Wireless,W
iphone.jpg,Cellphone,C
kids_in_beach.jpg,Kids,K
kids_in_beach.jpg,Children,C
kids_in_beach.jpg,Sand,S
kids_in_beach.jpg,Castle,C
kids_in_beach.jpg,Beach,B
kids_in_beach.jpg,Umbrella,U
kids_in_beach.jpg,Fun,F
kids_in_beach.jpg,Hot,H
kids_in_beach.jpg,Summer,S
kids_in_beach.jpg,Swim,S
kids_in_beach.jpg,Tools,T
kids_in_beach.jpg,Bucket,B
kids_in_beach.jpg,Ball,B
kids_in_beach.jpg,Water,W
kids_in_beach.jpg,Ocean,O
kids_in_beach.jpg,People,P
kids_in_beach.jpg,Ship,S
kids_in_beach.jpg,Shadow,S
royal_guards.jpg,Red,R
royal_guards.jpg,Black,B
royal_guards.jpg,Trumpet,T
royal_guards.jpg,Sword,S
royal_guards.jpg,Protect,P
royal_guards.jpg,Band,B
royal_guards.jpg,Salute,S
royal_guards.jpg,Queen,Q
royal_guards.jpg,Royal,R
royal_guards.jpg,Guards,G
royal_guards.jpg,Change of Guards,C
royal_guards.jpg,Windsor Castle,W
royal_guards.jpg,Buckingham Palace,B
royal_guards.jpg,Palace,P
royal_guards.jpg,Sentry,S
ice_cream2.jpg,Ice Cream,I
ice_cream2.jpg,Berries,B
ice_cream2.jpg,Flavours,F
ice_cream2.jpg,Dollop,D
ice_cream2.jpg,Cold,C
ice_cream2.jpg,Cone,C
ice_cream2.jpg,Vanilla,V
ice_cream2.jpg,Strawberry,S
ice_cream2.jpg,Mango,M
ice_cream2.jpg,Scoop,S
ice_cream2.jpg,Yummy,Y
ice_cream2.jpg,Dessert,D
ice_cream2.jpg,Honeycomb,H
cats2.jpg,Cats,C
cats2.jpg,Basket,B
cats2.jpg,Animals,A
cats2.jpg,Kitten,K
cats2.jpg,Fur,F
cats2.jpg,Four,F
cats2.jpg,Garden,G
cats2.jpg,Mammal,M
cats2.jpg,Domestic,D
fireworks2.jpg,Fireworks,F
fireworks2.jpg,Crackers,C
fireworks2.jpg,Diwali,D
fireworks2.jpg,Celebration,C
fireworks2.jpg,Guy Fawkes,G
fireworks2.jpg,New Year,N
fireworks2.jpg,Burst,B
fireworks2.jpg,Detonate,D
fireworks2.jpg,Explode,E
fireworks2.jpg,Sparks,S
fireworks2.jpg,Glitter,G
fireworks2.jpg,Pyrotechnics,P
fireworks2.jpg,Rocket,R
fireworks2.jpg,Sparklers,S
violin_music.jpg,Violin,V
violin_music.jpg,Cello,C
violin_music.jpg,Music,M
violin_music.jpg,Concert,C
violin_music.jpg,School,S
violin_music.jpg,Notes,N
violin_music.jpg,Orchestra,O
violin_music.jpg,Sound,S
violin_music.jpg,Performance,P
violin_music.jpg,Classical,C
violin_music.jpg,Conductor,C
violin_music.jpg,Major,M
violin_music.jpg,Rhythm,R
violin_music.jpg,Symphony,S
windmill.jpg,Windmill,W
windmill.jpg,Countryside,C
windmill.jpg,Farm,F
windmill.jpg,Blades,B
windmill.jpg,Rotate,R
windmill.jpg,Fields,F
windmill.jpg,Green,G
windmill.jpg,Azure,A
windmill.jpg,Sky,S
windmill.jpg,Clouds,C
moscow.jpg,Moscow,M
moscow.jpg,St. Basil's Cathedral,S
moscow.jpg,Architecture,A
moscow.jpg,Russia,R
moscow.jpg,Red Square,R
moscow.jpg,Kremlin,K
moscow.jpg,Putin,P
moscow.jpg,Tsar,T
swimmer.jpg,Swim,S
swimmer.jpg,Lanes,L
swimmer.jpg,Water,W
swimmer.jpg,Breaststroke,B
swimmer.jpg,Backstroke,B
swimmer.jpg,Freestyle,F
swimmer.jpg,Relay,R
swimmer.jpg,Active,A
swimmer.jpg,Pool,P
swimmer.jpg,Exercise,E
swimmer.jpg,Goggles,G
zebra.jpg,Zebra,Z
zebra.jpg,Stripes,S
zebra.jpg,Sunshine,S
zebra.jpg,Graze,G
zebra.jpg,Stallion,S
zebra.jpg,Mare,M
zebra.jpg,Foal,F
zebra.jpg,Herbivorous,H
zebra.jpg,Grevy's Zebras,G
zebra.jpg,Mountain Zebras,M
zebra.jpg,Plains Zebra,P
rugby2.jpg,Rugby,R
rugby2.jpg,Tackle,T
rugby2.jpg,Sport,S
rugby2.jpg,Teams,T
rugby2.jpg,Foul,F
rugby2.jpg,Foul,F
rugby2.jpg,Drop Kick,D
rugby2.jpg,Kick off,K
rugby2.jpg,Goal,G
rugby2.jpg,Players,P
rugby2.jpg,Offside,O
rugby2.jpg,Penalty,P